vehiculo,origen,destino,distancia_km,flujo_unidades,costo
V1,CD1,C2,2.4905432433122088,80.0,15139.600689296798
V1,C2,CD1,2.4905432433122088,0.0,15139.600689296798
V3,CD3,C3,3.515119225342391,115.0,21367.828721648446
V3,C1,CD3,4.161039082252966,0.0,25294.268761255484
V3,C3,C1,7.287761002248437,50.0,44301.09446577458
